Potion,Crafting,Mega Potion,Recover Ammo 1,Craftable,Herb
Mega Potion,Crafting,Potion,Honey
Max Potion
Ancient Potion
Antidote
Herbal Medicine
Nulberry
Cleanser
Deodorant
Energy Drink
Ration
Rare Steak
Well-done Steak
Burnt Meat
Immunizer
Dash Juice
Might Seed
Demondrug
Mega Demondrug
Adamant Seed
Armorskin
Mega Armorskin
Lifepowder
Dust of Life
Herbal Powder
Demon Powder
Hardshell Powder
Flash Bomb
Sonic Bomb
Dung Bomb
Tranq Bomb
Poison Smoke Bomb
Farcaster
BBQ Spit
Whetstone
Throwing Kunai
Raw Meat
Poisoned Meat
Tinged Meat
Drugged Meat
Gunpowder
Small Barrel
Barrel Bomb
Large Barrel
Large Barrel Bomb
Mega Barrel Bomb
Ivy
Spider Web
Net
Trap Tool
Pitfall Trap
Shock Trap
Sushifish
Gourmet Fish
Whetfish
Great Whetfish
Gastronome Tuna
Great Gastronome Tuna
Powercharm
Powertalon
Armorcharm
Armortalon
Catalyst
Honey
Herb
Antidote Herb
Fire Herb
Flowfern
Snow Herb
Sleep Herb
Sunscorned Grass
Gloamgrass Bud
Felvine
Blue Mushroom
Mandragora
Nitroshroom
Toadstool
Parashroom
Exciteshroom
Bitterbug
Godbug
Thunderbug
Flashbug
Scatterfish
Popfish
Dung
Smokenut
Latchberry
Needleberry
Huskberry
Blastnut
Bomberry
Dragonfell Berry
Slashberry
Dragonstrike Nut
Gunpowder Lv2
Flamenut
Combustuna
Big Combustuna
Gunpowder Lv3
Blazenut
Flamefin
Great Flamefin
Normal Ammo 1
Normal Ammo 2
Normal Ammo 3
Pierce Ammo 1
Pierce Ammo 2
Pierce Ammo 3
Spread Ammo 1
Spread Ammo 2
Spread Ammo 3
Shrapnel Ammo 1
Shrapnel Ammo 2
Shrapnel Ammo 3
Sticky Ammo 1
Sticky Ammo 2
Sticky Ammo 3
Cluster Bomb 1
Cluster Bomb 2
Cluster Bomb 3
Flaming Ammo
Piercing Fire Ammo
Water Ammo
Piercing Water Ammo
Thunder Ammo
Piercing Thunder Ammo
Freeze Ammo
Piercing Ice Ammo
Dragon Ammo
Piercing Dragon Ammo
Slicing Ammo
Wyvern Ammo
Poison Ammo 1
Poison Ammo 2
Paralysis Ammo 1
Paralysis Ammo 2
Sleep Ammo 1
Sleep Ammo 2
Exhaust Ammo 1
Exhaust Ammo 2
Recover Ammo 1
Recover Ammo 2
Demon Ammo
Armor Ammo
Tranq Ammo
Empty Phial
Power Coating
Poison Coating
Para Coating
Sleep Coating
Blast Coating
Close-range Coating
Exhaust Coating
First-aid Med
First-aid Med+
EZ Max Potion
EZ Ration
EZ Lifepowder
EZ Dust of Life
EZ Herbal Powder
EZ Demon Powder
EZ Hardshell Powder
EZ Meat Bait
EZ Large Barrel Bomb
EZ Pitfall Trap
EZ Shock Trap
EZ Flash Bomb
EZ Sonic Bomb
EZ Dung Bomb
EZ Farcaster
EZ Tranq Bomb
Poison Kunai
Paralysis Kunai
Sleep Kunai
Jumbofruit
Poisonfruit
Parafruit
Flashfruit
Gray Seed
Crimson Seed
Blue Seed
Gold Seed
Silver Seed
Exploding Kunai
Fire Barrel Bomb
Water Barrel Bomb
Thunder Barrel Bomb
Ice Barrel Bomb
Mountshrooms
Shadeshrooms
Rainbowshrooms
Stargazer Flower
Stargazer Bloom
Jewel of the Fallen Star
Sinister Cloth
Sinister Darkcloth
Sinister Gloomcloth
Bumblepumpkin
Omegapumpkin
Maximumpkin
Cutejelly
Gothjelly
Flouncejelly
Nohsic Snuffcap
Grooved Bones
Dreamshell
Deepshell
Toxic Kumori
Large Toxic Kumori
Butterfly Beetle
Split-Jaw Buttlefly
Blossom Cricket
Prairie Cricket
Dosbiscus
Valiabiscus
Armored Bream
Large Armored Bream
Springnight Carp
Sun Springnight Carp
Locked Treasure Chest
Speartuna
Barrel Lid
Iron Ore
Earth Crystal
Machalite Ore
Dragonite Ore
Awegite
Carbalite Ore
Fucium Ore
Eltalite Ore
Meldspar Ore
Ultimas Crystal
Icium
Gracium
Frocium
Goldlite Ore
Lightcrystal
Novacrystal
Purecrystal
Firestone
Firecell Stone
Allfire Stone
Sapphiron Ore
Centuria Ore
Armor Sphere
Armor Sphere+
Advanced Armor Sphere
Hard Armor Sphere
Heavy Armor Sphere
King Armor Sphere
True Armor Sphere
Aquaglow Jewel
Bloodrun Jewel
Lazurite Jewel
Adamant Jewel
Sovereign Jewel
Anomaly Jewel
Twisted Remains
Twisted Rockbone
Twisted Stiffbone
Frozen Stiffbone
Eroded Skeleton
Eroded Husk
Eroded Elder Skeleton
Caked Stiffbone
Blackened Stiffbone
Overgrown Stiffbone
Chipped Oldbone
Sturdy Bone
Quality Bone
Dragonhusk Shard
Dragonbone Relic
Massive Monster Bone
Giant Monster Bone
Dragonbone Artifact
Monster Bone S
Monster Bone M
Monster Bone L
Monster Bone+
Monster Keenbone
Monster Hardbone
Monster Toughbone
Monster Slogbone
Elder Dragon Bone
Large Elder Dragon Bone
Jumbo Bone
Colossal Bone
Stoutbone
Great Stoutbone
Massive Bone
Solid Bone
Sharp Claw
Piercing Claw
Tough Claw
Sharp Fang
Acute Fang
Crushing Fang
Warm Pelt
High-quality Pelt
Prized Pelt
Large Herbivore Bone
Pale Extract
Dash Extract
Monster Fluid
Monster Broth
Monster Essence
Elder Dragon Blood
Pure Dragon Blood
Fine Black Pearl
Bird Wyvern Gem
Fey Wyvern Gem
Beast Gem
Large Beast Gem
Wyvern Gem
Large Wyvern Gem
Large Elder Dragon Gem
Screamer Sac
Poison Sac
Toxin Sac
Deadly Poison Sac
Paralysis Sac
Omniplegia Sac
Ultraplegia Sac
Sleep Sac
Coma Sac
Torpor Sac
Flame Sac
Inferno Sac
Conflagrant Sac
Electro Sac
Thunder Sac
Lightning Sac
Frost Sac
Freezer Sac
Cryo Sac
Aqua Sac
Torrent Sac
Flood Sac
Pawprint Stamp
Pawprint Ticket
Felyne Fur Ruby
Felyne Great Fur Ruby
Kelbi Horn
Bombadgy Igniter
Bombadgy Activator
Gargwa Feather
Gargwa Finefeather
Anteka Antler
Anteka Proud Antler
Slagtoth Hide
Slagtoth Hide+
Kestodon Shell
Kestodon Carapace
Kestodon Husk
Kestodon Scalp
Rhenoplos Shell
Rhenoplos Carapace
Rhenoplos Scalp
Gowngoat Thickfur
Bullfango Pelt
Bullfango Pelt+
Bullfango Thickfur
Bullfango Head
Jagras Scale
Jagras Scale+
Jagras Shard
Jagras Hide
Jagras Hide+
Sharqskin Scale
Meaty Hide
Meaty Hide+
Supple Piel
Big Fin
Quality Fin
Hydro Hide
Hydro Hide+
Hydro Piel
Immature Sponge
Uroktor Scale
Uroktor Scale+
Uroktor Shard
Rachnoid Silk
Rachnoid Silk+
Rachnoid Mesmersilk
Pyrantula Maroon Thread
Tiny Hermitaur Shell
Ceanataur Shell
Bnahabra Shell
Bnahabra Carapace
Bnahabra Wing
Bnahabra Razorwing
Bnahabra Stinger
Altaroth Jaw
Altaroth Stomach
Quality Stomach
Prized Stomach
Gajau Skin
Gajau Scale
Gajau Thickhide
Gajau Whisker
Gajau Whisker+
Steel Gajau Whisker
Remobra Hide
Remobra Hide+
Remobra Finehide
Striped Hide
Striped Finehide
Remobra Head
Mighty Remobra Head
Hornetaur Razorwing
Hornetaur Cortex
Hornetaur Head
Vespoid Razorwing
Vespoid Cortex
Izuchi Pelt
Izuchi Pelt+
Heavy Izuchi Pelt
Izuchi Tail
Wroggi Scale
Wroggi Scale+
Wroggi Hide
Baggi Scale
Baggi Scale+
Baggi Hide
Jaggi Scale
Jaggi Scale+
Jaggi Shard
Jaggi Hide
Jaggi Hide+
Jaggi Piel
Velociprey Shard
Velociprey Thickhide
Boggi Thickhide
Boggi Shard
Great Izuchi Pelt
Great Izuchi Pelt+
Great Izuchi Thickfur
Great Izuchi Hide
Great Izuchi Hide+
Great Izuchi Thickhide
Great Izuchi Tail
Great Izuchi Tail+
Great Izuchi Grindtail
Great Baggi Hide
Great Baggi Hide+
Great Baggi Thickhide
Great Baggi Claw
Great Baggi Claw+
King's Crest
Glorious Crest
Kulu-Ya-Ku Scale
Kulu-Ya-Ku Scale+
Kulu-Ya-Ku Shard
Kulu-Ya-Ku Hide
Kulu-Ya-Ku Hide+
Kulu-Ya-Ku Thickhide
Kulu-Ya-Ku Beak
Kulu-Ya-Ku Beak+
Colossal Drill Beak
Kulu-Ya-Ku Plume
Kulu-Ya-Ku Plume+
Large Kulu-Ya-Ku Plume
Great Wroggi Hide
Great Wroggi Hide+
Great Wroggi Thickhide
Great Wroggi Brace
Great Wroggi Brace+
King's Beak
Imperial Beak
Arzuros Pelt
Arzuros Pelt+
Arzuros Fur
Arzuros Shell
Arzuros Carapace
Arzuros Cortex
Arzuros Brace
Arzuros Brace+
Arzuros Allbrace
Lagombi Pelt
Lagombi Pelt+
Lagombi Fur
Lagombi Ear
Lagombi Ear+
Lagombi Auricle
Lagombi Plastron
Lagombi Plastron+
Lagombi Cuirass
Lagombi Iceclaw
Lagombi Frozenclaw
Lagombi Frigidclaw
Volvidon Shell
Volvidon Carapace
Volvidon Cortex
Volvidon Claw
Volvidon Claw+
Volvidon Talon
Volvidon Rickrack
Large Volvi Rickrack
Aknosom Scale
Aknosom Scale+
Aknosom Shard
Aknosom Feather
Aknosom Feather+
Aknosom Plume
Aknosom Crest
Aknosom Crest+
Aknosom Head-Crest
Aknosom Beak
Aknosom Burnbeak
Spongy Hide
Spongy Hide+
Spongy Piel
Royal Ludroth Scale
Royal Ludroth Scale+
Royal Ludroth Shard
Royal Ludroth Claw
Royal Ludroth Claw+
Royal Ludroth Talon
Royal Ludroth Crest
Royal Ludroth Crest+
Chic Crest
Royal Ludroth Tail
Royal Ludroth Lash
Barroth Shell
Barroth Carapace
Barroth Cortex
Barroth Ridge
Barroth Ridge+
Barroth Chine
Barroth Claw
Barroth Claw+
Barroth Hardclaw
Barroth Scalp
Barroth Crown
Barroth Tail
Barroth Lash
Fertile Mud
Rich Mud
Hermitaur Hardclaw
Hermitaur Cortex
Timeworn Crimson Horn
Flabby Hide
Pearl Hide
Pearl Glosshide
Suspicious Fang
Suspicious Fang+
Mystic Hardfang
Pale Bone
Pale Steak
Khezu Special Cut
Tetranadon Hide
Tetranadon Hide+
Tetranadon Thickhide
Tetra Carapace
Tetra Carapace+
Heavy Tetra Carapace
Tetranadon Beak
Tetranadon Beak+
Tetranadon Greatbeak
Tetranadon Disc
Tetranadon Disc+
Tetranadon Finedisc
Bishaten Fur
Bishaten Fur+
Bishaten Finefur
Bishaten Talon
Bishaten Talon+
Bishaten Hardclaw
Bishaten Feather
Bishaten Feather+
Bishaten Glidefeather
Bishaten Horn
Bishaten Horn+
Bishaten Heavyhorn
Bisha Tailcase
Bishaten Tailcase+
Bishaten Hardtail
Orangaten Fur+
Orangaten Talon
Orangaten Feather+
Orangaten Horn+
Orangaten Tailcase+
Pukei-Pukei Scale
Pukei-Pukei Scale+
Pukei-Pukei Shard
Pukei-Pukei Shell
Pukei-Pukei Carapace
Pukei-Pukei Cortex
Pukei-Pukei Quill
Pukei-Pukei Wing
Pukei-Pukei Fellwing
Pukei-Pukei Sac
Pukei-Pukei Sac+
Large Pukei-Pukei Sac
Pukei-Pukei Tail
Pukei-Pukei Lash
Jyuratodus Scale+
Jyuratodus Shard
Jyuratodus Carapace
Jyuratodus Cortex
Jyuratodus Fang+
Jyuratodus Hardfang
Jyuratodus Fin+
Jyuratodus Grandfin
Basarios Shell
Basarios Carapace
Basarios Cortex
Basarios Pleura
Basarios Pleura+
Basarios Pectus+
Basarios Wing
Basarios Fellwing
Basarios Tail
Basarios Lash
Basarios Tears
Basarios Pallium
Somnacanth Scale
Somnacanth Scale+
Somnacanth Shard
Somnacanth Shell
Somnacanth Shell+
Somnacanth Cortex
Somnacanth Claw
Somnacanth Claw+
Somnacanth Dreamtalon
Somnacanth Fin
Somnacanth Fin+
Somnacanth Wild Fin
Somnacanth Dust
Somnacanth Sedative
Somna Dream Powder
Auroracanth Icescale
Auroracanth Icecortex
Auroracanth Iceclaw
Auroracanth Fin
Rathian Scale
Rathian Scale+
Rathian Shard
Rathian Shell
Rathian Carapace
Rathian Cortex
Rathian Webbing
Rathian Weave
Rathian Spike
Rathian Spike+
Rathian Surspike
Rathian Plate
Rathian Ruby
Rathian Mantle
Gold Rathian Shard
Gold Rathian Cortex
Gold Rathian Weave
Gold Rathian Surspike
Rath Wingtalon
Rath Wingtalon+
Rath Wingripper
Rath Marrow
Rath Medulla
Rath Gleam
Barioth Shell
Barioth Carapace
Barioth Cortex
Barioth Pelt
Barioth Pelt+
Barioth Thickfur
Barioth Claw
Barioth Claw+
Barioth Hardclaw
Barioth Spike
Barioth Greatspike
Barioth Tail
Barioth Lash
Amber Fang
Amber Fang+
Amber Hardfang
Tobi-Kadachi Scale
Tobi-Kadachi Scale+
Tobi-Kadachi Shard
Tobi-Kadachi Pelt
Tobi-Kadachi Pelt+
Tobi-Kadachi Thickfur
Tobi-Kadachi Membrane
Tobi-Kadachi Membrane+
Tobi-Kadachi Claw
Tobi-Kadachi Claw+
Tobi-Kadachi Hardclaw
Tobi-Kadachi Electrode
Tobi-Kadachi Electrode+
Tobi-Kadachi Cathode
Magnamalo Scale
Magnamalo Scale+
Magnamalo Shard
Magnamalo Shell
Magnamalo Shell+
Magnamalo Cortex
Magnamalo Blade
Magnamalo Blade+
Magna Ascended Blade
Magnamalo Scute
Magnamalo Scute+
Magnamalo Bladeshell
Magnamalo Horn
Magnamalo Horn+
Magnamalo Hellhorn
Magnamalo Tail
Magnamalo Speartail
Magna Ghostprism
Magna Soulprism
Magnamalo Soulprism+
Magnamalo Plate
Purple Magna Orb
Magnamalo Orb
Begrudged Rancorscale
Magna Armored Cortex
Surging Armblade
Moaning Bladeshell
Horn of Malice
Magnamalo Tail+
Magna Barrierprism
Magna Glare Eye
Anjanath Scale
Anjanath Scale+
Anjanath Shard
Anjanath Pelt
Anjanath Pelt+
Anjanath Fur
Anjanath Fang
Anjanath Fang+
Anjanath Hardfang
Anjanath Nosebone
Anjanath Nosebone+
Heavy Anjanath Nosebone
Anjanath Tail
Anjanath Lash
Anjanath Plate
Anjanath Gem
Anjanath Mantle
Nargacuga Scale
Nargacuga Scale+
Nargacuga Shard
Nargacuga Blackfur
Nargacuga Pelt+
Nargacuga Blackfur+
Nargacuga Tail
Nargacuga Lash
Narga Tailspike
Nargacuga Tailspear
Nargacuga Cutwing
Narga Razor
Nargacuga Cutwing+
Nargacuga Fang
Nargacuga Fang+
Nargacuga Hardfang
Nargacuga Marrow
Narga Medulla
Nargacuga Mantle
Lucent Narga Shard
Lucent Narga Dapple
Lucent Narga Tailspear
Lucent Narga Razor
Lucent Narga Hardfang
Cloudy Moonshard
Mizutsune Scale
Mizutsune Scale+
Mizutsune Shard
Mizutsune Purplefur
Mizutsune Purplefur+
Mizutsune Purplefell
Mizutsune Claw
Mizutsune Claw+
Mizutsune Hardclaw
Mizutsune Fin
Mizutsune Fin+
Mizutsune Silkfin
Mizutsune Tail
Purple Mizutsune Tail
Bubblefoam
Bubblefoam+
Distilled Bubblefoam
Mizutsune Plate
Mizutsune Water Orb
Mizutsune Mantle
Violet Mizu Shard
Violet Mizu Whitefell
Violet Mizu Hardclaw
Violet Mizu Fin
Violet Mizu Tail
White Synovial Fluid
Violet Mizu Mantle
Goss Harag Fur
Goss Harag Fur+
Goss Harag Frozen Fur
Goss Harag Hide
Goss Harag Hide+
Goss Finehide
Goss Harag Claw
Goss Harag Claw+
Goss Harag Hardclaw
Goss Harag Brace
Goss Harag Brace+
Goss Harag Allbrace
Goss Harag Horn
Goss Harag Horn+
Goss Harag Hardhorn
Block of Ice
Block of Ice+
Dense Block of Ice
Goss Harag Bile
Goss Harag Bile+
Garangolm Cortex
Garangolm Shard
Garangolm Hardfang
Garangolm Fist
Golm Ploughtail
Golm Thick Juice
Ceanataur Hardclaw
Ceanataur Cortex
Heavy Ceanataur Leg
Heavy Wyvern Scalp
Rathalos Scale
Rathalos Scale+
Rathalos Shard
Rathalos Shell
Rathalos Carapace
Rathalos Cortex
Rathalos Webbing
Rathalos Wing
Rathalos Fellwing
Rathalos Tail
Rathalos Lash
Rathalos Plate
Rathalos Ruby
Rathalos Mantle
Silver Rathalos Shard
Silver Rathalos Cortex
Silver Rathalos Fellwing
Silver Rathalos Lash
Almudron Scale
Almudron Scale+
Almudron Shard
Almudron Shell
Almudron Shell+
Almudron Cortex
Almudron Claw
Almudron Claw+
Almudron Hardclaw
Almudron Fin
Almudron Fin+
Large Almudron Fin
Almudron Whisker
Almudron Whisker+
Almud Ascetic Whisker
Almudron Tail
Almudron Lashtail
Golden Muck
Golden Sludge
Pure Golden Sludge
Almudron Plate
Golden Almudron Orb
Almudron Mantle
Magmadron Shard
Magmadron Cortex
Magmadron Hardclaw
Large Magmadron Fin
Magmadron Hardwhisker
Magmadron Tail
Inferno Lava Mud
Magmadron Mantle
Zinogre Shell
Zinogre Carapace
Zinogre Cortex
Zinogre Shockfur
Zinogre Electrofur
Zinogre Electrofur+
Zinogre Horn
Zinogre Horn+
Zinogre Hardhorn
Zinogre Claw
Zinogre Claw+
Zinogre Hardclaw
Zinogre Tail
Zinogre Lash
Zinogre Shocker
Zinogre Shocker+
Zinogre Deathly Shocker
Fulgurbug
Zinogre Plate
Zinogre Jasper
Zinogre Skymerald
Lunagaron Shard
Lunagaron Cortex
Frostborn Hardfang
Luna Vermilion Hardclaw
Lunagaron Bluecore
Lunagaron Lash Shell
Lunagaron Frost Jewel
Astalos Shard
Heavy Astalos Shell
Astalos Wingmembrane
Boltscale
Astalos Wingripper
Heavy Astalos Crest+
Astalos Scissortailblade
Astalos Mantle
Espinas Shard
Espinas Cortex
Espinas Surspike
Espinas Hardhorn
Espinas Lash
Espinas Toxic Blood
Espinas Mantle
Flaming Espinas Shard
Flaming Espinas Cortex
Flaming Espinas Surspike
Flaming Espinas Hardhorn
Flaming Espinas Lash
Flaming Espinas Sulfur
Flaming Espinas Mantle
Gore Magala Shard
Gore Magala Cortex
Gore Magala Shredder
Gore Magala Eclipse
Gore Magala Sensor
Gore Magala Tail
Gore Magala Mantle
Chaos Scale
Diametrical Horn
Antinomic Wing
Contrary Scale
Seregios Slavescale+
Seregios Airblade+
Seregios Carver+
Seregios Scraper+
Seregios Impaler+
Seregios Breacher+
Seregios Lens
Tigrex Scale
Tigrex Scale+
Tigrex Shard
Tigrex Shell
Tigrex Carapace
Tigrex Cortex
Tigrex Claw
Tigrex Claw+
Tigrex Hardclaw
Tigrex Fang
Tigrex Fang+
Tigrex Hardfang
Tigrex Tail
Tigrex Lash
Tigrex Scalp
Tigrex Maw
Tigrex Mantle
Diablos Shell
Diablos Carapace
Diablos Cortex
Diablos Ridge
Diablos Ridge+
Diablos Chine
Diablos Tailcase
Diablos Tailcase+
Diablos Fang
Twisted Horn
Majestic Horn
Twisted Stouthorn
Diablos Marrow
Diablos Medulla
Rakna-Kadaki Silk
Rakna-Kadaki Silk+
Rakna-Kadaki Carapace
Rakna-Kadaki Cortex
Rakna-Kadaki Sharpclaw
Rakna-Kadaki Hardclaw
Rakna-Kadaki Spike
Rakna-Kadaki Spike+
Rakna-Kadaki Glowgut
Rakna-Kadaki Glowgut+
Pyre-Kadaki Silk+
Pyre-Kadaki Cortex
Pyre-Kadaki Hardclaw
Pyre-Kadaki Spike+
Pyre-Kadaki Dull Glowgut
Daora Carapace
Daora Cortex
Daora Dragon Scale+
Daora Shard
Daora Webbing
Daora Fellwing
Daora Horn+
Daora Hardhorn
Daora Tail
Daora Lash
Daora Claw+
Daora Hardclaw
Daora Gem
Chameleos Hide+
Chameleos Finehide
Chameleos Spike
Chameleos Hardhorn
Chameleos Claw+
Chameleos Hardclaw
Chameleos Tail
Chameleos Lash
Chameleos Wing
Chameleos Fellwing
Chameleos Gem
Teostra Carapace
Teostra Cortex
Teostra Mane
Teostra Tail
Teostra Lash
Teostra Horn+
Teostra Hardhorn
Fire Dragon Scale+
Hellfire Shard
Teostra Claw+
Fire Dragon Hardclaw
Teostra Webbing
Teostra Fellwing
Teostra Powder
Teostra Gem
Malzeno Shard
Malzeno Cortex
Malzeno Hardfang
Malzeno Fellwing
Malzeno Hardhorn
Malzeno Tail
Bloody Parasite
Malzeno Bloodstone
Primordial Scale
Malzeno Pureplate
Malzeno Beautifang
Madness Parasite
Primordial Tail
Malzeno Silverhorn
Shining Shieldwing
Primordial Bloodstone
S. Magala Shard
S. Magala Cortex
S. Magala Purifier
S. Magala Lightwing
S. Magala Hardhorn
S. Magala Lash
S. Magala Mantle
Crystal Shard
Velkhana Cortex
Velkhana Crownhorn
Velkhana Hardclaw
Velkhana Lash
Velkhana Fellwing
Velkhana Crystal
Rajang Horn+
Rajang Hardhorn
Rajang Fang+
Rajang Hardfang
Rajang Blackfur
Rajang Wildpelt
Rajang Claw+
Rajang Hardclaw
Rajang Tail
Gold Rajang Pelt
Gold Rajang Pelt+
Rajang Apoplexy
Ghoulish Gold Gorer
Rajang Heart
Bazelgeuse Scale+
Bazelgeuse Shard
Bazelgeuse Carapace
Bazelgeuse Cortex
Bazelgeuse Tail
Bazelgeuse Flail
Bazelgeuse Fuse
Bazelgeuse Glandflux
Bazelgeuse Talon
Bazelgeuse Hardclaw
Bazelgeuse Wing
Bazelgeuse Fellwing
Bazelgeuse Gem
Bazelgeuse Mantle
Flickering Silvershell
Scorching Silverwing
Distilled Blast Fluid
Ibushi Hide+
Ibushi Finehide
Ibushi Carapace
Ibushi Cortex
Ibushi Claw+
Ibushi Hardclaw
Ibushi Horn+
Ibushi Hardhorn
Ibushi Windsac
Ibushi Windsac+
Ibushi Bluespike
Ibushi Bluespike+
Wind Serpent Orb
Wind Dragonsphire
Narwa Hide+
Narwa Thickhide
Narwa Carapace
Narwa Claw+
Narwa Hardclaw
Narwa Horn+
Narwa Sparksac
Narwa Lighting Sac
Narwa Tentacle
Narwa Tentacle+
Thunder Serpent Orb
Scale of Origin
Scale of Origin+
Horn of Origin
Horn of Origin+
Orb of Origin
Mantle of Origin
Shimmering Scale
Shimmering Shard
Gleaming Shell
Glittering Shell
Valstrax Claw+
Valstrax Talon
Valstrax Tail
Valstrax Helixtail
Rouge Spikewing
Rouge Lancewing+
Valstrax Spineshell
Valstrax Spineshell+
Red Dragon Orb
Red Dragonsphire
Crimson Liquid
Seething Crimson Liquid
Abyssal Dragonscale
Archdemon Backshell
Archdemon Wingtalon
Archdemon Piercetalon
Archdemon Doomhorn
Archdemon Tailhook
Consumption Parasite
Abyssal Dragonsphire
Amatsu Cortex
Amatsu Heavypleura
Amatsu Hardhorn
Amatsu Hardclaw
Amatsu Stormtail
Amatsu Membrane
Storm Vesicle Clump
Heavenly Dragonsphire
Apex Beastclaw
Apex Venom Spike
Apex Bubblefoam
Apex Blaze Sac
Apex Curlhorn
Apex Shockshell
Afflicted Bone
Afflicted Hardbone
Afflicted Slogbone
Afflicted Pelt
Afflicted Hide+
Afflicted Thickhide
Afflicted Monster Bone
Afflicted Monster Hardbone
Afflicted Monster Slogbone
Afflicted Blood
Afflicted Dragon Blood
Afflicted Pure Blood
Afflicted Scale
Afflicted Scale+
Afflicted Shard
Afflicted Shell
Afflicted Carapace
Afflicted Cortex
Afflicted Fang
Afflicted Fang+
Afflicted Hardfang
Afflicted Claw
Afflicted Claw+
Afflicted Hardclaw
Afflicted Dire Horn
Afflicted Dire Horn+
Afflicted Dire Hardhorn
Afflicted Dire Bone
Afflicted Dire Hardbone
Afflicted Dire Slogbone
Afflicted Dire Scale
Afflicted Dire Scale+
Afflicted Dire Shard
Afflicted Dire Shell
Afflicted Dire Carapace
Afflicted Dire Cortex
Afflicted Dire Claw
Afflicted Dire Claw+
Afflicted Dire Hardclaw
Afflicted Dire Fang
Afflicted Dire Fang+
Afflicted Dire Hardfang
Afflicted Dire Wing
Afflicted Dire Wing+
Afflicted Dire Fellwing
Afflicted Dire Blood
Afflicted Dire Dragon Blood
Afflicted Dire Darkblood
Risen Dragonbone
Risen Dragonbone+
Risen Slogbone
Risen Dragon Blood
Risen Dragon Pureblood
Risen Dragon Thickblood
Dango Ticket
Lottery Ticket
Lagniapple
Eurekacorn
Melding Nectar
Melding Honey
Melding Pudding
Melding Blood
MP Accelerant
Commendation
High Commendation
Conqueror's Seal
Outfit Voucher
Outfit Voucher+
Buddy Ticket
Kamura Ticket
Guild Ticket
Elgado Ticket
Anomaly Ticket
Friend Voucher
Defender Ticket 1
Defender Ticket 2
Defender Ticket 3
Defender Ticket 4
Defender Ticket 5
Defender Ticket 6
Defender Ticket 7
Defender Ticket 8
Defender Ticket 9
Royal Order Certificate I
Royal Order Certificate II
Royal Order Certificate III
Amber Essence
Amber Essence+
Prime Amber Essence
Royal Amber Essence
Pure Amber Essence
Chameleos Risegem
Daora Risegem
Teostra Risegem
Valstrax Risegem
Shagaru Risegem
Kulu Coin
Barroth Coin
Nargacuga Coin
Barioth Coin
Rajang Coin
Bazelgeuse Coin
Hermitaur Coin
Bishaten Coin
Garangolm Coin
Lunagaron Coin
Espinas Coin
Furious Rajang Coin
Pinnacle Coin
Hunter King Coin
Ace Hunter Coin
Rager Coin
Hero King Coin
Investigation Coin
Goldenfry
Bhernastone
Dundormarin
Loc Lac Ore
Val Habar Quartz
Minegardenite
Steel Egg
Silver Egg
Golden Egg
Platinum Egg
Haiku: In Song
F Ninja Belt
Tea Shop Cloth
Old Wrestler Print
Spa Scene: Sash
Spa Scene: Hairpin
Spa Scene: Clip
Spa Scene: Kimono
Ball of Soft Wool
Sea Chart (Copy)
Prima Bherna Eggplant
4-Part Souvenir
Old Message
Wisdom Crystal
Wild Dark Leather
Shady Crystal
Disguise Device
Celestial Scroll
Satsui no Hado
Dog Bolts
Broken Knight Armor
Diving Ticket
Winter Star Ticket
Ore of Origin
Appreciation Ticket
Spring Blossom Ticket
Buddy Ring
Hunter Ring
Azure Era Seal
Azure Era Gem
Crimson Crystal Ticket
Ocean Ticket
Steam Ticket
Glasses Ticket
Thief's Calling Card
Black Winged Ears Ticket
Canyne Mask Ticket
Ancient Fragment
Bandana Ticket
Fluffy Ticket
Small Flower Pot
Bunny Ears Ticket
Buff Badge
Sackcloth
Heavenly Silk
Blood Ticket
Buff Badge+
Light Foreign Drawings
Torn Foreign Drawings
Numerical Foreign Drawings
Coastal Foreign Drawings
Treasured Foreign Drawings
Noble Foreign Drawings
Charming Foreign Drawings
Crystalized Foreign Drawings
Humble Scrap
Humble Scrap+
Heavy Humble Scrap
Ore Scrap
Ore Scrap+
Heavy Ore Scrap
Insect Scrap
Insect Scrap+
Heavy Insect Scrap
Fur Scrap
Fur Scrap+
Heavy Fur Scrap
Bone Scrap
Bone Scrap+
Heavy Bone Scrap
Slagtoth Scrap
Slagtoth Scrap+
Rhenoplos Scrap
Rhenoplos Scrap+
Heavy Rhenoplos Scrap
Bnahabra Scrap
Bnahabra Scrap+
Heavy Bnahabra Scrap
Jaggi Scrap
Jaggi Scrap+
Heavy G. Jaggi Scrap
Izuchi Scrap
Izuchi Scrap+
Heavy Izuchi Scrap
Baggi Scrap
Baggi Scrap+
Heavy G. Baggi Scrap
Kulu-Ya-Ku Scrap
Kulu-Ya-Ku Scrap+
Heavy Kulu Scrap
Wroggi Scrap
Wroggi Scrap+
Heavy G. Wroggi Scrap
Arzuros Scrap
Arzuros Scrap+
Heavy Arzuros Scrap
Lagombi Scrap
Lagombi Scrap+
Heavy Lagombi Scrap
Volvidon Scrap
Volvidon Scrap+
Heavy Volvidon Scrap
Aknosom Scrap
Aknosom Scrap+
Heavy Aknosom Scrap
Royal Ludroth Scrap
Royal Ludroth Scrap+
Heavy R. Ludroth Scrap
Barroth Scrap
Barroth Scrap+
Heavy Barroth Scrap
Heavy Hermitaur Scrap
Khezu Scrap
Khezu Scrap+
Heavy Khezu Scrap
Tetranadon Scrap
Tetranadon Scrap+
Heavy Tetra Scrap
Bishaten Scrap
Bishaten Scrap+
Heavy Bishaten Scrap
Pukei Scrap
Pukei Scrap+
Heavy Pukei-Pukei Scrap
Jyura Scrap+
Heavy Jyura Scrap
Basarios Scrap
Basarios Scrap+
Heavy Basarios Scrap
Somnacanth Scrap
Somnacanth Scrap+
Heavy Somna Scrap
Rathian Scrap
Rathian Scrap+
Heavy Rathian Scrap
Barioth Scrap
Barioth Scrap+
Heavy Barioth Scrap
Kadachi Scrap
Kadachi Scrap+
Heavy Kadachi Scrap
Magnamalo Scrap
Magnamalo Scrap+
Heavy Magna Scrap
Heavy Resentment Scrap
Anjanath Scrap
Anjanath Scrap+
Heavy Anjanath Scrap
Nargacuga Scrap
Nargacuga Scrap+
Heavy Nargacuga Scrap
Mizutsune Scrap
Mizutsune Scrap+
Heavy Mizutsune Scrap
Goss Harag Scrap
Goss Harag Scrap+
Heavy Goss Scrap
Garangolm Scrap
Heavy Shogun Scrap
Rathalos Scrap
Rathalos Scrap+
Heavy Rathalos Scrap
Almudron Scrap
Almudron Scrap+
Heavy Almudron Scrap
Zinogre Scrap
Zinogre Scrap+
Heavy Zinogre Scrap
Heavy Lunagaron Scrap
Heavy Astalos Scrap
Heavy Espinas Scrap
Heavy G. Magala Scrap
Heavy Chaotic Scrap
Heavy Seregios Scrap
Tigrex Scrap
Tigrex Scrap+
Heavy Tigrex Scrap
Diablos Scrap
Diablos Scrap+
Heavy Diablos Scrap
Rakna-Kadaki Scrap+
Heavy Rakna Scrap
Kushala Daora Scrap+
Heavy K. Daora Scrap
Chameleos Scrap+
Heavy Chameleos Scrap
Teostra Scrap+
Heavy Teostra Scrap
Malzeno Scrap
Heavy Primordial Scrap
Heavy S. Magala Scrap
Heavy Velkhana Scrap
Rajang Scrap+
Heavy Rajang Scrap
Bazel Scrap+
Heavy Bazel Scrap
Heavy Seething Scrap
Ibushi Scrap+
Heavy Ibushi Scrap
Narwa Scrap+
Heavy Narwa Scrap
Valstrax Scrap+
Heavy Valstrax Scrap
Heavy Archdemon Scrap
Heavy Amatsu Scrap
Izuchi Scroll
Baggi Scroll
Kulu Scroll
Wroggi Scroll
Arzuros Scroll
Lagombi Scroll
Volvidon Scroll
Aknosom Scroll
Ludroth Scroll
Barroth Scroll
Daimyo Hermitaur Scroll
Khezu Scroll
Tetranadon Scroll
Bishaten Scroll
Blood Orange Bishaten Scroll
Pukei Scroll
Jyura Scroll
Basarios Scroll
Somna Scroll
Aurora Somnacanth Scroll
Rathian Scroll
Gold Rathian Scroll
Barioth Scroll
Kadachi Scroll
Magnamalo Scroll
Scorned Magnamalo Scroll
Anjanath Scroll
Nargacuga Scroll
Lucent Nargacuga Scroll
Mizutsune Scroll
Violet Mizutsune Scroll
Goss Scroll
Garangolm Scroll
Shogun Ceanataur Scroll
Rathalos Scroll
Silver Rathalos Scroll
Almudron Scroll
Magma Almudron Scroll
Zinogre Scroll
Lunagaron Scroll
Astalos Scroll
Espinas Scroll
Flaming Espinas Scroll
Gore Magala Scroll
Chaotic Gore Magala Scroll
Seregios Scroll
Tigrex Scroll
Diablos Scroll
Rakna-Kadaki Scroll
Pyre Rakna-Kadaki Scroll
Daora Scroll
Risen Kushala Daora Scroll
Chameleos Scroll
Risen Chameleos Scroll
Teostra Scroll
Risen Teostra Scroll
Malzeno Scroll
Malzeno Scroll+
Shagaru Magala Scroll
Risen Shagaru Magala Scroll
Velkhana Scroll
Rajang Scroll
Furious Rajang Scroll
Bazel Scroll
Seething Bazelgeuse Scroll
Ibushi Scroll
Narwa Scroll
Valstrax Scroll
Risen Valstrax Scroll
The Archdemon
Amatsu Scroll
Apex Arzuros Scroll
Apex Rathian Scroll
Apex Mizutsune Scroll
Apex Rathalos Scroll
Apex Diablos Scroll
Apex Zinogre Scroll
The Leader
Fast Friends
Slayer of Malice
Moonlit Night
The Showdown
Flag Ornament
Sun Princess
Valiant Knight
Dappled Daytime
Deadly Tracker
The Oppression
The Abyss
Lucky Felyne
Wheeled Canyne Toy
Bombadgy Pot
Kamura Twins
Golden Hojo Cast
Cohoot Lottery
Mini Toadversary
Mini Submarine
Felyne Daruma
Moofy Doll
Pure Machalite
Crystal Cluster
Kingdom Longship
Cohootrioshka
Toy Spelunker
Regalfin Pouch
Gowngoat Bobbler
Massive Copal
Gargolda Statue
Goocoo Plush (Raincoat)
Poogie Plush (Emperor's Duds)
Goocoo Plush (Velocidrome)
Poogie Plush (Cool)
Goocoo Plush (Scarlet)
Poogie Plush (Memorial Stripes)
Goocoo Plush (Princess)
Poogie Plush (Maiden)
Arzuros Carving
Magnamalo Carving
Tetranadon Carving
Goss Harag Carving
Bishaten Carving
Somnacanth Carving
Izuchi Carving
Almudron Carving
Aknosom Carving
Rakna-Kadaki Carving
Ibushi Carving
Narwa Carving
Amatsu Carving
Daimyo Hermitaur Statue
Astalos Statue
Garangolm Statue
Lunagaron Statue
Shogun Ceanataur Statue
Espinas Statue
Malzeno Statue
Malzeno Statue+
Archfiend Statue
Velkhana Statue
Sonic Figurine
Knuckles Figurine
Tails Figurine
Unique Mushroom
Choice Mushroom
Pricey Shroom
Exquisite Mushroom
Firelantern
Wisplantern
Phantolantern
Confragralantern
Super Shoot
Choice Shoot
Pricey Shoot
Exquisite Sprout
Cool Frostcone
Gelid Frostcone
Bitter Frostcone
Arctic Frostcone
Raftshell
Boatshell
Shipshell
Great Shipshell
Foreign Coin
Royal Mint Coin
Mysterious Coin
Ancient Coin
Simple Prism
Misty Prism
Cascade Prism
Icevoid Prism
Hearty Pitcher
Gourmet Pitcher
Tripoint Pitcher
Penta Pitcher
Royal Rhino
King Rhino
Divine Rhino
Transcendent Rhino
Bauble Cactus
Jewel Cactus
Kingly Cactus
Emperor Cactus
Tropical Berry
Desert Berry
Lava Berry
Blaze Berry
Sand Rose
Rock Rose
Gaia Rose
Cosmo Rose
Coal
Volatile Coal
Inflammable Coal
Aeonian Coal
Chalcedony Bone
Chalcedony Greatbone
Chalcedony Skull
Chalcedony Bonemass
Bismuth Fragment
Bismuth Prism
Bismuth Augite
Iridescent Bismuth Prism
Jungle Mushroom
Prized Mushroom
Wildwood Fern
Prime Fern
Pearl Snail
Golden Snail
Glacial Geode
Iridescent Geode
Amber Copal
Godbug Copal
Worn Tableware
Antique Tableware
Crimsonfish
Goldenfish
Platinumfish
Brocadefish
King Brocadefish
Supreme Brocadefish
White Liver
Popo Tongue
Slagtoth Oil
Monster Guts
Ripened Mushroom
Fine Stomach
Secret Stash
Round Acorn
Gargwa Guano
Gargwa Egg
Gold Gargwa Egg
Carapaceon Brains+
Gowngoat Fleeceball
Wyvern Tear
Large Wyvern Tear
Beast Tear
Large Beast Tear
Drone Substance
Queen Substance
Dragon Treasure
Old Dragon Treasure
Shiny Nacre
Glittering Nacre
Shimmering Nacre
Crab Pearl+
Fabled Spice
Legendary Herb
Sun Goddess Picture
Wyvern Egg
Quality Wyvern Egg
Supreme Wyvern Egg
Frost Fossil
Big Frost Fossil
Giant Frost Fossil
Herbivore Egg
Rhenoplos Egg+
Premium Herbivore Egg
Laffresia
Alaffresia
Giant Laffresia
Bismuth Chunk
Big Bismuth Chunk
Bigger Bismuth Chunk
Premium Wyvern Egg
Moon Drop
Ring
Great Wirebug
Ballista Shot
Crag Shot
Retreat Shot
Cannon Ammo
C. Thunder Ammo
Flaming Shot
Flaming Beam
Q. Rapid Shot
Q. Cluster Shot
Silkbind Shot
C. Piercing Ammo
2x Ballista Shot
3x Ballista Shot
2x Cannon Ammo
2x Cannon Ammo+
Silkbinder Shot
[Trinket]
