Name,quantity
Potion,0
Mega Potion,0
Max Potion,0
Ancient Potion,0
Antidote,0
Herbal Medicine,0
Nulberry,0
Cleanser,0
Deodorant,0
Energy Drink,0
Ration,0
Rare Steak,0
Well-done Steak,0
Burnt Meat,0
Immunizer,0
Dash Juice,0
Might Seed,0
Demondrug,0
Mega Demondrug,0
Adamant Seed,0
Armorskin,0
Mega Armorskin,0
Lifepowder,0
Dust of Life,0
Herbal Powder,0
Demon Powder,0
Hardshell Powder,0
Flash Bomb,0
Sonic Bomb,0
Dung Bomb,0
Tranq Bomb,0
Poison Smoke Bomb,0
Farcaster,0
BBQ Spit,0
Whetstone,0
Throwing Kunai,0
Raw Meat,0
Poisoned Meat,0
Tinged Meat,0
Drugged Meat,0
Gunpowder,0
Small Barrel,0
Barrel Bomb,0
Large Barrel,0
Large Barrel Bomb,0
Mega Barrel Bomb,0
Ivy,0
Spider Web,0
Net,0
Trap Tool,0
Pitfall Trap,0
Shock Trap,0
Sushifish,0
Gourmet Fish,0
Whetfish,0
Great Whetfish,0
Gastronome Tuna,0
Great Gastronome Tuna,0
Powercharm,0
Powertalon,0
Armorcharm,0
Armortalon,0
Catalyst,0
Honey,0
Herb,0
Antidote Herb,0
Fire Herb,0
Flowfern,0
Snow Herb,0
Sleep Herb,0
Sunscorned Grass,0
Gloamgrass Bud,0
Felvine,0
Blue Mushroom,0
Mandragora,0
Nitroshroom,0
Toadstool,0
Parashroom,0
Exciteshroom,0
Bitterbug,0
Godbug,0
Thunderbug,0
Flashbug,0
Scatterfish,0
Popfish,0
Dung,0
Smokenut,0
Latchberry,0
Needleberry,0
Huskberry,0
Blastnut,0
Bomberry,0
Dragonfell Berry,0
Slashberry,0
Dragonstrike Nut,0
Gunpowder Lv2,0
Flamenut,0
Combustuna,0
Big Combustuna,0
Gunpowder Lv3,0
Blazenut,0
Flamefin,0
Great Flamefin,0
Normal Ammo 1,0
Normal Ammo 2,0
Normal Ammo 3,0
Pierce Ammo 1,0
Pierce Ammo 2,0
Pierce Ammo 3,0
Spread Ammo 1,0
Spread Ammo 2,0
Spread Ammo 3,0
Shrapnel Ammo 1,0
Shrapnel Ammo 2,0
Shrapnel Ammo 3,0
Sticky Ammo 1,0
Sticky Ammo 2,0
Sticky Ammo 3,0
Cluster Bomb 1,0
Cluster Bomb 2,0
Cluster Bomb 3,0
Flaming Ammo,0
Piercing Fire Ammo,0
Water Ammo,0
Piercing Water Ammo,0
Thunder Ammo,0
Piercing Thunder Ammo,0
Freeze Ammo,0
Piercing Ice Ammo,0
Dragon Ammo,0
Piercing Dragon Ammo,0
Slicing Ammo,0
Wyvern Ammo,0
Poison Ammo 1,0
Poison Ammo 2,0
Paralysis Ammo 1,0
Paralysis Ammo 2,0
Sleep Ammo 1,0
Sleep Ammo 2,0
Exhaust Ammo 1,0
Exhaust Ammo 2,0
Recover Ammo 1,0
Recover Ammo 2,0
Demon Ammo,0
Armor Ammo,0
Tranq Ammo,0
Empty Phial,0
Power Coating,0
Poison Coating,0
Para Coating,0
Sleep Coating,0
Blast Coating,0
Close-range Coating,0
Exhaust Coating,0
First-aid Med,0
First-aid Med+,0
EZ Max Potion,0
EZ Ration,0
EZ Lifepowder,0
EZ Dust of Life,0
EZ Herbal Powder,0
EZ Demon Powder,0
EZ Hardshell Powder,0
EZ Meat Bait,0
EZ Large Barrel Bomb,0
EZ Pitfall Trap,0
EZ Shock Trap,0
EZ Flash Bomb,0
EZ Sonic Bomb,0
EZ Dung Bomb,0
EZ Farcaster,0
EZ Tranq Bomb,0
Poison Kunai,0
Paralysis Kunai,0
Sleep Kunai,0
Jumbofruit,0
Poisonfruit,0
Parafruit,0
Flashfruit,0
Gray Seed,0
Crimson Seed,0
Blue Seed,0
Gold Seed,0
Silver Seed,0
Exploding Kunai,0
Fire Barrel Bomb,0
Water Barrel Bomb,0
Thunder Barrel Bomb,0
Ice Barrel Bomb,0
Mountshrooms,0
Shadeshrooms,0
Rainbowshrooms,0
Stargazer Flower,0
Stargazer Bloom,0
Jewel of the Fallen Star,0
Sinister Cloth,0
Sinister Darkcloth,0
Sinister Gloomcloth,0
Bumblepumpkin,0
Omegapumpkin,0
Maximumpkin,0
Cutejelly,0
Gothjelly,0
Flouncejelly,0
Nohsic Snuffcap,0
Grooved Bones,0
Dreamshell,0
Deepshell,0
Toxic Kumori,0
Large Toxic Kumori,0
Butterfly Beetle,0
Split-Jaw Buttlefly,0
Blossom Cricket,0
Prairie Cricket,0
Dosbiscus,0
Valiabiscus,0
Armored Bream,0
Large Armored Bream,0
Springnight Carp,0
Sun Springnight Carp,0
Locked Treasure Chest,0
Speartuna,0
Barrel Lid,0
Iron Ore,0
Earth Crystal,0
Machalite Ore,0
Dragonite Ore,0
Awegite,0
Carbalite Ore,0
Fucium Ore,0
Eltalite Ore,0
Meldspar Ore,0
Ultimas Crystal,0
Icium,0
Gracium,0
Frocium,0
Goldlite Ore,0
Lightcrystal,0
Novacrystal,0
Purecrystal,0
Firestone,0
Firecell Stone,0
Allfire Stone,0
Sapphiron Ore,0
Centuria Ore,0
Armor Sphere,0
Armor Sphere+,0
Advanced Armor Sphere,0
Hard Armor Sphere,0
Heavy Armor Sphere,0
King Armor Sphere,0
True Armor Sphere,0
Aquaglow Jewel,0
Bloodrun Jewel,0
Lazurite Jewel,0
Adamant Jewel,0
Sovereign Jewel,0
Anomaly Jewel,0
Twisted Remains,0
Twisted Rockbone,0
Twisted Stiffbone,0
Frozen Stiffbone,0
Eroded Skeleton,0
Eroded Husk,0
Eroded Elder Skeleton,0
Caked Stiffbone,0
Blackened Stiffbone,0
Overgrown Stiffbone,0
Chipped Oldbone,0
Sturdy Bone,0
Quality Bone,0
Dragonhusk Shard,0
Dragonbone Relic,0
Massive Monster Bone,0
Giant Monster Bone,0
Dragonbone Artifact,0
Monster Bone S,0
Monster Bone M,0
Monster Bone L,0
Monster Bone+,0
Monster Keenbone,0
Monster Hardbone,0
Monster Toughbone,0
Monster Slogbone,0
Elder Dragon Bone,0
Large Elder Dragon Bone,0
Jumbo Bone,0
Colossal Bone,0
Stoutbone,0
Great Stoutbone,0
Massive Bone,0
Solid Bone,0
Sharp Claw,0
Piercing Claw,0
Tough Claw,0
Sharp Fang,0
Acute Fang,0
Crushing Fang,0
Warm Pelt,0
High-quality Pelt,0
Prized Pelt,0
Large Herbivore Bone,0
Pale Extract,0
Dash Extract,0
Monster Fluid,0
Monster Broth,0
Monster Essence,0
Elder Dragon Blood,0
Pure Dragon Blood,0
Fine Black Pearl,0
Bird Wyvern Gem,0
Fey Wyvern Gem,0
Beast Gem,0
Large Beast Gem,0
Wyvern Gem,0
Large Wyvern Gem,0
Large Elder Dragon Gem,0
Screamer Sac,0
Poison Sac,0
Toxin Sac,0
Deadly Poison Sac,0
Paralysis Sac,0
Omniplegia Sac,0
Ultraplegia Sac,0
Sleep Sac,0
Coma Sac,0
Torpor Sac,0
Flame Sac,0
Inferno Sac,0
Conflagrant Sac,0
Electro Sac,0
Thunder Sac,0
Lightning Sac,0
Frost Sac,0
Freezer Sac,0
Cryo Sac,0
Aqua Sac,0
Torrent Sac,0
Flood Sac,0
Pawprint Stamp,0
Pawprint Ticket,0
Felyne Fur Ruby,0
Felyne Great Fur Ruby,0
Kelbi Horn,0
Bombadgy Igniter,0
Bombadgy Activator,0
Gargwa Feather,0
Gargwa Finefeather,0
Anteka Antler,0
Anteka Proud Antler,0
Slagtoth Hide,0
Slagtoth Hide+,0
Kestodon Shell,0
Kestodon Carapace,0
Kestodon Husk,0
Kestodon Scalp,0
Rhenoplos Shell,0
Rhenoplos Carapace,0
Rhenoplos Scalp,0
Gowngoat Thickfur,0
Bullfango Pelt,0
Bullfango Pelt+,0
Bullfango Thickfur,0
Bullfango Head,0
Jagras Scale,0
Jagras Scale+,0
Jagras Shard,0
Jagras Hide,0
Jagras Hide+,0
Sharqskin Scale,0
Meaty Hide,0
Meaty Hide+,0
Supple Piel,0
Big Fin,0
Quality Fin,0
Hydro Hide,0
Hydro Hide+,0
Hydro Piel,0
Immature Sponge,0
Uroktor Scale,0
Uroktor Scale+,0
Uroktor Shard,0
Rachnoid Silk,0
Rachnoid Silk+,0
Rachnoid Mesmersilk,0
Pyrantula Maroon Thread,0
Tiny Hermitaur Shell,0
Ceanataur Shell,0
Bnahabra Shell,0
Bnahabra Carapace,0
Bnahabra Wing,0
Bnahabra Razorwing,0
Bnahabra Stinger,0
Altaroth Jaw,0
Altaroth Stomach,0
Quality Stomach,0
Prized Stomach,0
Gajau Skin,0
Gajau Scale,0
Gajau Thickhide,0
Gajau Whisker,0
Gajau Whisker+,0
Steel Gajau Whisker,0
Remobra Hide,0
Remobra Hide+,0
Remobra Finehide,0
Striped Hide,0
Striped Finehide,0
Remobra Head,0
Mighty Remobra Head,0
Hornetaur Razorwing,0
Hornetaur Cortex,0
Hornetaur Head,0
Vespoid Razorwing,0
Vespoid Cortex,0
Izuchi Pelt,0
Izuchi Pelt+,0
Heavy Izuchi Pelt,0
Izuchi Tail,0
Wroggi Scale,0
Wroggi Scale+,0
Wroggi Hide,0
Baggi Scale,0
Baggi Scale+,0
Baggi Hide,0
Jaggi Scale,0
Jaggi Scale+,0
Jaggi Shard,0
Jaggi Hide,0
Jaggi Hide+,0
Jaggi Piel,0
Velociprey Shard,0
Velociprey Thickhide,0
Boggi Thickhide,0
Boggi Shard,0
Great Izuchi Pelt,0
Great Izuchi Pelt+,0
Great Izuchi Thickfur,0
Great Izuchi Hide,0
Great Izuchi Hide+,0
Great Izuchi Thickhide,0
Great Izuchi Tail,0
Great Izuchi Tail+,0
Great Izuchi Grindtail,0
Great Baggi Hide,0
Great Baggi Hide+,0
Great Baggi Thickhide,0
Great Baggi Claw,0
Great Baggi Claw+,0
King's Crest,0
Glorious Crest,0
Kulu-Ya-Ku Scale,0
Kulu-Ya-Ku Scale+,0
Kulu-Ya-Ku Shard,0
Kulu-Ya-Ku Hide,0
Kulu-Ya-Ku Hide+,0
Kulu-Ya-Ku Thickhide,0
Kulu-Ya-Ku Beak,0
Kulu-Ya-Ku Beak+,0
Colossal Drill Beak,0
Kulu-Ya-Ku Plume,0
Kulu-Ya-Ku Plume+,0
Large Kulu-Ya-Ku Plume,0
Great Wroggi Hide,0
Great Wroggi Hide+,0
Great Wroggi Thickhide,0
Great Wroggi Brace,0
Great Wroggi Brace+,0
King's Beak,0
Imperial Beak,0
Arzuros Pelt,0
Arzuros Pelt+,0
Arzuros Fur,0
Arzuros Shell,0
Arzuros Carapace,0
Arzuros Cortex,0
Arzuros Brace,0
Arzuros Brace+,0
Arzuros Allbrace,0
Lagombi Pelt,0
Lagombi Pelt+,0
Lagombi Fur,0
Lagombi Ear,0
Lagombi Ear+,0
Lagombi Auricle,0
Lagombi Plastron,0
Lagombi Plastron+,0
Lagombi Cuirass,0
Lagombi Iceclaw,0
Lagombi Frozenclaw,0
Lagombi Frigidclaw,0
Volvidon Shell,0
Volvidon Carapace,0
Volvidon Cortex,0
Volvidon Claw,0
Volvidon Claw+,0
Volvidon Talon,0
Volvidon Rickrack,0
Large Volvi Rickrack,0
Aknosom Scale,0
Aknosom Scale+,0
Aknosom Shard,0
Aknosom Feather,0
Aknosom Feather+,0
Aknosom Plume,0
Aknosom Crest,0
Aknosom Crest+,0
Aknosom Head-Crest,0
Aknosom Beak,0
Aknosom Burnbeak,0
Spongy Hide,0
Spongy Hide+,0
Spongy Piel,0
Royal Ludroth Scale,0
Royal Ludroth Scale+,0
Royal Ludroth Shard,0
Royal Ludroth Claw,0
Royal Ludroth Claw+,0
Royal Ludroth Talon,0
Royal Ludroth Crest,0
Royal Ludroth Crest+,0
Chic Crest,0
Royal Ludroth Tail,0
Royal Ludroth Lash,0
Barroth Shell,0
Barroth Carapace,0
Barroth Cortex,0
Barroth Ridge,0
Barroth Ridge+,0
Barroth Chine,0
Barroth Claw,0
Barroth Claw+,0
Barroth Hardclaw,0
Barroth Scalp,0
Barroth Crown,0
Barroth Tail,0
Barroth Lash,0
Fertile Mud,0
Rich Mud,0
Hermitaur Hardclaw,0
Hermitaur Cortex,0
Timeworn Crimson Horn,0
Flabby Hide,0
Pearl Hide,0
Pearl Glosshide,0
Suspicious Fang,0
Suspicious Fang+,0
Mystic Hardfang,0
Pale Bone,0
Pale Steak,0
Khezu Special Cut,0
Tetranadon Hide,0
Tetranadon Hide+,0
Tetranadon Thickhide,0
Tetra Carapace,0
Tetra Carapace+,0
Heavy Tetra Carapace,0
Tetranadon Beak,0
Tetranadon Beak+,0
Tetranadon Greatbeak,0
Tetranadon Disc,0
Tetranadon Disc+,0
Tetranadon Finedisc,0
Bishaten Fur,0
Bishaten Fur+,0
Bishaten Finefur,0
Bishaten Talon,0
Bishaten Talon+,0
Bishaten Hardclaw,0
Bishaten Feather,0
Bishaten Feather+,0
Bishaten Glidefeather,0
Bishaten Horn,0
Bishaten Horn+,0
Bishaten Heavyhorn,0
Bisha Tailcase,0
Bishaten Tailcase+,0
Bishaten Hardtail,0
Orangaten Fur+,0
Orangaten Talon,0
Orangaten Feather+,0
Orangaten Horn+,0
Orangaten Tailcase+,0
Pukei-Pukei Scale,0
Pukei-Pukei Scale+,0
Pukei-Pukei Shard,0
Pukei-Pukei Shell,0
Pukei-Pukei Carapace,0
Pukei-Pukei Cortex,0
Pukei-Pukei Quill,0
Pukei-Pukei Wing,0
Pukei-Pukei Fellwing,0
Pukei-Pukei Sac,0
Pukei-Pukei Sac+,0
Large Pukei-Pukei Sac,0
Pukei-Pukei Tail,0
Pukei-Pukei Lash,0
Jyuratodus Scale+,0
Jyuratodus Shard,0
Jyuratodus Carapace,0
Jyuratodus Cortex,0
Jyuratodus Fang+,0
Jyuratodus Hardfang,0
Jyuratodus Fin+,0
Jyuratodus Grandfin,0
Basarios Shell,0
Basarios Carapace,0
Basarios Cortex,0
Basarios Pleura,0
Basarios Pleura+,0
Basarios Pectus+,0
Basarios Wing,0
Basarios Fellwing,0
Basarios Tail,0
Basarios Lash,0
Basarios Tears,0
Basarios Pallium,0
Somnacanth Scale,0
Somnacanth Scale+,0
Somnacanth Shard,0
Somnacanth Shell,0
Somnacanth Shell+,0
Somnacanth Cortex,0
Somnacanth Claw,0
Somnacanth Claw+,0
Somnacanth Dreamtalon,0
Somnacanth Fin,0
Somnacanth Fin+,0
Somnacanth Wild Fin,0
Somnacanth Dust,0
Somnacanth Sedative,0
Somna Dream Powder,0
Auroracanth Icescale,0
Auroracanth Icecortex,0
Auroracanth Iceclaw,0
Auroracanth Fin,0
Rathian Scale,0
Rathian Scale+,0
Rathian Shard,0
Rathian Shell,0
Rathian Carapace,0
Rathian Cortex,0
Rathian Webbing,0
Rathian Weave,0
Rathian Spike,0
Rathian Spike+,0
Rathian Surspike,0
Rathian Plate,0
Rathian Ruby,0
Rathian Mantle,0
Gold Rathian Shard,0
Gold Rathian Cortex,0
Gold Rathian Weave,0
Gold Rathian Surspike,0
Rath Wingtalon,0
Rath Wingtalon+,0
Rath Wingripper,0
Rath Marrow,0
Rath Medulla,0
Rath Gleam,0
Barioth Shell,0
Barioth Carapace,0
Barioth Cortex,0
Barioth Pelt,0
Barioth Pelt+,0
Barioth Thickfur,0
Barioth Claw,0
Barioth Claw+,0
Barioth Hardclaw,0
Barioth Spike,0
Barioth Greatspike,0
Barioth Tail,0
Barioth Lash,0
Amber Fang,0
Amber Fang+,0
Amber Hardfang,0
Tobi-Kadachi Scale,0
Tobi-Kadachi Scale+,0
Tobi-Kadachi Shard,0
Tobi-Kadachi Pelt,0
Tobi-Kadachi Pelt+,0
Tobi-Kadachi Thickfur,0
Tobi-Kadachi Membrane,0
Tobi-Kadachi Membrane+,0
Tobi-Kadachi Claw,0
Tobi-Kadachi Claw+,0
Tobi-Kadachi Hardclaw,0
Tobi-Kadachi Electrode,0
Tobi-Kadachi Electrode+,0
Tobi-Kadachi Cathode,0
Magnamalo Scale,0
Magnamalo Scale+,0
Magnamalo Shard,0
Magnamalo Shell,0
Magnamalo Shell+,0
Magnamalo Cortex,0
Magnamalo Blade,0
Magnamalo Blade+,0
Magna Ascended Blade,0
Magnamalo Scute,0
Magnamalo Scute+,0
Magnamalo Bladeshell,0
Magnamalo Horn,0
Magnamalo Horn+,0
Magnamalo Hellhorn,0
Magnamalo Tail,0
Magnamalo Speartail,0
Magna Ghostprism,0
Magna Soulprism,0
Magnamalo Soulprism+,0
Magnamalo Plate,0
Purple Magna Orb,0
Magnamalo Orb,0
Begrudged Rancorscale,0
Magna Armored Cortex,0
Surging Armblade,0
Moaning Bladeshell,0
Horn of Malice,0
Magnamalo Tail+,0
Magna Barrierprism,0
Magna Glare Eye,0
Anjanath Scale,0
Anjanath Scale+,0
Anjanath Shard,0
Anjanath Pelt,0
Anjanath Pelt+,0
Anjanath Fur,0
Anjanath Fang,0
Anjanath Fang+,0
Anjanath Hardfang,0
Anjanath Nosebone,0
Anjanath Nosebone+,0
Heavy Anjanath Nosebone,0
Anjanath Tail,0
Anjanath Lash,0
Anjanath Plate,0
Anjanath Gem,0
Anjanath Mantle,0
Nargacuga Scale,0
Nargacuga Scale+,0
Nargacuga Shard,0
Nargacuga Blackfur,0
Nargacuga Pelt+,0
Nargacuga Blackfur+,0
Nargacuga Tail,0
Nargacuga Lash,0
Narga Tailspike,0
Nargacuga Tailspear,0
Nargacuga Cutwing,0
Narga Razor,0
Nargacuga Cutwing+,0
Nargacuga Fang,0
Nargacuga Fang+,0
Nargacuga Hardfang,0
Nargacuga Marrow,0
Narga Medulla,0
Nargacuga Mantle,0
Lucent Narga Shard,0
Lucent Narga Dapple,0
Lucent Narga Tailspear,0
Lucent Narga Razor,0
Lucent Narga Hardfang,0
Cloudy Moonshard,0
Mizutsune Scale,0
Mizutsune Scale+,0
Mizutsune Shard,0
Mizutsune Purplefur,0
Mizutsune Purplefur+,0
Mizutsune Purplefell,0
Mizutsune Claw,0
Mizutsune Claw+,0
Mizutsune Hardclaw,0
Mizutsune Fin,0
Mizutsune Fin+,0
Mizutsune Silkfin,0
Mizutsune Tail,0
Purple Mizutsune Tail,0
Bubblefoam,0
Bubblefoam+,0
Distilled Bubblefoam,0
Mizutsune Plate,0
Mizutsune Water Orb,0
Mizutsune Mantle,0
Violet Mizu Shard,0
Violet Mizu Whitefell,0
Violet Mizu Hardclaw,0
Violet Mizu Fin,0
Violet Mizu Tail,0
White Synovial Fluid,0
Violet Mizu Mantle,0
Goss Harag Fur,0
Goss Harag Fur+,0
Goss Harag Frozen Fur,0
Goss Harag Hide,0
Goss Harag Hide+,0
Goss Finehide,0
Goss Harag Claw,0
Goss Harag Claw+,0
Goss Harag Hardclaw,0
Goss Harag Brace,0
Goss Harag Brace+,0
Goss Harag Allbrace,0
Goss Harag Horn,0
Goss Harag Horn+,0
Goss Harag Hardhorn,0
Block of Ice,0
Block of Ice+,0
Dense Block of Ice,0
Goss Harag Bile,0
Goss Harag Bile+,0
Garangolm Cortex,0
Garangolm Shard,0
Garangolm Hardfang,0
Garangolm Fist,0
Golm Ploughtail,0
Golm Thick Juice,0
Ceanataur Hardclaw,0
Ceanataur Cortex,0
Heavy Ceanataur Leg,0
Heavy Wyvern Scalp,0
Rathalos Scale,0
Rathalos Scale+,0
Rathalos Shard,0
Rathalos Shell,0
Rathalos Carapace,0
Rathalos Cortex,0
Rathalos Webbing,0
Rathalos Wing,0
Rathalos Fellwing,0
Rathalos Tail,0
Rathalos Lash,0
Rathalos Plate,0
Rathalos Ruby,0
Rathalos Mantle,0
Silver Rathalos Shard,0
Silver Rathalos Cortex,0
Silver Rathalos Fellwing,0
Silver Rathalos Lash,0
Almudron Scale,0
Almudron Scale+,0
Almudron Shard,0
Almudron Shell,0
Almudron Shell+,0
Almudron Cortex,0
Almudron Claw,0
Almudron Claw+,0
Almudron Hardclaw,0
Almudron Fin,0
Almudron Fin+,0
Large Almudron Fin,0
Almudron Whisker,0
Almudron Whisker+,0
Almud Ascetic Whisker,0
Almudron Tail,0
Almudron Lashtail,0
Golden Muck,0
Golden Sludge,0
Pure Golden Sludge,0
Almudron Plate,0
Golden Almudron Orb,0
Almudron Mantle,0
Magmadron Shard,0
Magmadron Cortex,0
Magmadron Hardclaw,0
Large Magmadron Fin,0
Magmadron Hardwhisker,0
Magmadron Tail,0
Inferno Lava Mud,0
Magmadron Mantle,0
Zinogre Shell,0
Zinogre Carapace,0
Zinogre Cortex,0
Zinogre Shockfur,0
Zinogre Electrofur,0
Zinogre Electrofur+,0
Zinogre Horn,0
Zinogre Horn+,0
Zinogre Hardhorn,0
Zinogre Claw,0
Zinogre Claw+,0
Zinogre Hardclaw,0
Zinogre Tail,0
Zinogre Lash,0
Zinogre Shocker,0
Zinogre Shocker+,0
Zinogre Deathly Shocker,0
Fulgurbug,0
Zinogre Plate,0
Zinogre Jasper,0
Zinogre Skymerald,0
Lunagaron Shard,0
Lunagaron Cortex,0
Frostborn Hardfang,0
Luna Vermilion Hardclaw,0
Lunagaron Bluecore,0
Lunagaron Lash Shell,0
Lunagaron Frost Jewel,0
Astalos Shard,0
Heavy Astalos Shell,0
Astalos Wingmembrane,0
Boltscale,0
Astalos Wingripper,0
Heavy Astalos Crest+,0
Astalos Scissortailblade,0
Astalos Mantle,0
Espinas Shard,0
Espinas Cortex,0
Espinas Surspike,0
Espinas Hardhorn,0
Espinas Lash,0
Espinas Toxic Blood,0
Espinas Mantle,0
Flaming Espinas Shard,0
Flaming Espinas Cortex,0
Flaming Espinas Surspike,0
Flaming Espinas Hardhorn,0
Flaming Espinas Lash,0
Flaming Espinas Sulfur,0
Flaming Espinas Mantle,0
Gore Magala Shard,0
Gore Magala Cortex,0
Gore Magala Shredder,0
Gore Magala Eclipse,0
Gore Magala Sensor,0
Gore Magala Tail,0
Gore Magala Mantle,0
Chaos Scale,0
Diametrical Horn,0
Antinomic Wing,0
Contrary Scale,0
Seregios Slavescale+,0
Seregios Airblade+,0
Seregios Carver+,0
Seregios Scraper+,0
Seregios Impaler+,0
Seregios Breacher+,0
Seregios Lens,0
Tigrex Scale,0
Tigrex Scale+,0
Tigrex Shard,0
Tigrex Shell,0
Tigrex Carapace,0
Tigrex Cortex,0
Tigrex Claw,0
Tigrex Claw+,0
Tigrex Hardclaw,0
Tigrex Fang,0
Tigrex Fang+,0
Tigrex Hardfang,0
Tigrex Tail,0
Tigrex Lash,0
Tigrex Scalp,0
Tigrex Maw,0
Tigrex Mantle,0
Diablos Shell,0
Diablos Carapace,0
Diablos Cortex,0
Diablos Ridge,0
Diablos Ridge+,0
Diablos Chine,0
Diablos Tailcase,0
Diablos Tailcase+,0
Diablos Fang,0
Twisted Horn,0
Majestic Horn,0
Twisted Stouthorn,0
Diablos Marrow,0
Diablos Medulla,0
Rakna-Kadaki Silk,0
Rakna-Kadaki Silk+,0
Rakna-Kadaki Carapace,0
Rakna-Kadaki Cortex,0
Rakna-Kadaki Sharpclaw,0
Rakna-Kadaki Hardclaw,0
Rakna-Kadaki Spike,0
Rakna-Kadaki Spike+,0
Rakna-Kadaki Glowgut,0
Rakna-Kadaki Glowgut+,0
Pyre-Kadaki Silk+,0
Pyre-Kadaki Cortex,0
Pyre-Kadaki Hardclaw,0
Pyre-Kadaki Spike+,0
Pyre-Kadaki Dull Glowgut,0
Daora Carapace,0
Daora Cortex,0
Daora Dragon Scale+,0
Daora Shard,0
Daora Webbing,0
Daora Fellwing,0
Daora Horn+,0
Daora Hardhorn,0
Daora Tail,0
Daora Lash,0
Daora Claw+,0
Daora Hardclaw,0
Daora Gem,0
Chameleos Hide+,0
Chameleos Finehide,0
Chameleos Spike,0
Chameleos Hardhorn,0
Chameleos Claw+,0
Chameleos Hardclaw,0
Chameleos Tail,0
Chameleos Lash,0
Chameleos Wing,0
Chameleos Fellwing,0
Chameleos Gem,0
Teostra Carapace,0
Teostra Cortex,0
Teostra Mane,0
Teostra Tail,0
Teostra Lash,0
Teostra Horn+,0
Teostra Hardhorn,0
Fire Dragon Scale+,0
Hellfire Shard,0
Teostra Claw+,0
Fire Dragon Hardclaw,0
Teostra Webbing,0
Teostra Fellwing,0
Teostra Powder,0
Teostra Gem,0
Malzeno Shard,0
Malzeno Cortex,0
Malzeno Hardfang,0
Malzeno Fellwing,0
Malzeno Hardhorn,0
Malzeno Tail,0
Bloody Parasite,0
Malzeno Bloodstone,0
Primordial Scale,0
Malzeno Pureplate,0
Malzeno Beautifang,0
Madness Parasite,0
Primordial Tail,0
Malzeno Silverhorn,0
Shining Shieldwing,0
Primordial Bloodstone,0
S. Magala Shard,0
S. Magala Cortex,0
S. Magala Purifier,0
S. Magala Lightwing,0
S. Magala Hardhorn,0
S. Magala Lash,0
S. Magala Mantle,0
Crystal Shard,0
Velkhana Cortex,0
Velkhana Crownhorn,0
Velkhana Hardclaw,0
Velkhana Lash,0
Velkhana Fellwing,0
Velkhana Crystal,0
Rajang Horn+,0
Rajang Hardhorn,0
Rajang Fang+,0
Rajang Hardfang,0
Rajang Blackfur,0
Rajang Wildpelt,0
Rajang Claw+,0
Rajang Hardclaw,0
Rajang Tail,0
Gold Rajang Pelt,0
Gold Rajang Pelt+,0
Rajang Apoplexy,0
Ghoulish Gold Gorer,0
Rajang Heart,0
Bazelgeuse Scale+,0
Bazelgeuse Shard,0
Bazelgeuse Carapace,0
Bazelgeuse Cortex,0
Bazelgeuse Tail,0
Bazelgeuse Flail,0
Bazelgeuse Fuse,0
Bazelgeuse Glandflux,0
Bazelgeuse Talon,0
Bazelgeuse Hardclaw,0
Bazelgeuse Wing,0
Bazelgeuse Fellwing,0
Bazelgeuse Gem,0
Bazelgeuse Mantle,0
Flickering Silvershell,0
Scorching Silverwing,0
Distilled Blast Fluid,0
Ibushi Hide+,0
Ibushi Finehide,0
Ibushi Carapace,0
Ibushi Cortex,0
Ibushi Claw+,0
Ibushi Hardclaw,0
Ibushi Horn+,0
Ibushi Hardhorn,0
Ibushi Windsac,0
Ibushi Windsac+,0
Ibushi Bluespike,0
Ibushi Bluespike+,0
Wind Serpent Orb,0
Wind Dragonsphire,0
Narwa Hide+,0
Narwa Thickhide,0
Narwa Carapace,0
Narwa Claw+,0
Narwa Hardclaw,0
Narwa Horn+,0
Narwa Sparksac,0
Narwa Lighting Sac,0
Narwa Tentacle,0
Narwa Tentacle+,0
Thunder Serpent Orb,0
Scale of Origin,0
Scale of Origin+,0
Horn of Origin,0
Horn of Origin+,0
Orb of Origin,0
Mantle of Origin,0
Shimmering Scale,0
Shimmering Shard,0
Gleaming Shell,0
Glittering Shell,0
Valstrax Claw+,0
Valstrax Talon,0
Valstrax Tail,0
Valstrax Helixtail,0
Rouge Spikewing,0
Rouge Lancewing+,0
Valstrax Spineshell,0
Valstrax Spineshell+,0
Red Dragon Orb,0
Red Dragonsphire,0
Crimson Liquid,0
Seething Crimson Liquid,0
Abyssal Dragonscale,0
Archdemon Backshell,0
Archdemon Wingtalon,0
Archdemon Piercetalon,0
Archdemon Doomhorn,0
Archdemon Tailhook,0
Consumption Parasite,0
Abyssal Dragonsphire,0
Amatsu Cortex,0
Amatsu Heavypleura,0
Amatsu Hardhorn,0
Amatsu Hardclaw,0
Amatsu Stormtail,0
Amatsu Membrane,0
Storm Vesicle Clump,0
Heavenly Dragonsphire,0
Apex Beastclaw,0
Apex Venom Spike,0
Apex Bubblefoam,0
Apex Blaze Sac,0
Apex Curlhorn,0
Apex Shockshell,0
Afflicted Bone,0
Afflicted Hardbone,0
Afflicted Slogbone,0
Afflicted Pelt,0
Afflicted Hide+,0
Afflicted Thickhide,0
Afflicted Monster Bone,0
Afflicted Monster Hardbone,0
Afflicted Monster Slogbone,0
Afflicted Blood,0
Afflicted Dragon Blood,0
Afflicted Pure Blood,0
Afflicted Scale,0
Afflicted Scale+,0
Afflicted Shard,0
Afflicted Shell,0
Afflicted Carapace,0
Afflicted Cortex,0
Afflicted Fang,0
Afflicted Fang+,0
Afflicted Hardfang,0
Afflicted Claw,0
Afflicted Claw+,0
Afflicted Hardclaw,0
Afflicted Dire Horn,0
Afflicted Dire Horn+,0
Afflicted Dire Hardhorn,0
Afflicted Dire Bone,0
Afflicted Dire Hardbone,0
Afflicted Dire Slogbone,0
Afflicted Dire Scale,0
Afflicted Dire Scale+,0
Afflicted Dire Shard,0
Afflicted Dire Shell,0
Afflicted Dire Carapace,0
Afflicted Dire Cortex,0
Afflicted Dire Claw,0
Afflicted Dire Claw+,0
Afflicted Dire Hardclaw,0
Afflicted Dire Fang,0
Afflicted Dire Fang+,0
Afflicted Dire Hardfang,0
Afflicted Dire Wing,0
Afflicted Dire Wing+,0
Afflicted Dire Fellwing,0
Afflicted Dire Blood,0
Afflicted Dire Dragon Blood,0
Afflicted Dire Darkblood,0
Risen Dragonbone,0
Risen Dragonbone+,0
Risen Slogbone,0
Risen Dragon Blood,0
Risen Dragon Pureblood,0
Risen Dragon Thickblood,0
Dango Ticket,0
Lottery Ticket,0
Lagniapple,0
Eurekacorn,0
Melding Nectar,0
Melding Honey,0
Melding Pudding,0
Melding Blood,0
MP Accelerant,0
Commendation,0
High Commendation,0
Conqueror's Seal,0
Outfit Voucher,0
Outfit Voucher+,0
Buddy Ticket,0
Kamura Ticket,0
Guild Ticket,0
Elgado Ticket,0
Anomaly Ticket,0
Friend Voucher,0
Defender Ticket 1,0
Defender Ticket 2,0
Defender Ticket 3,0
Defender Ticket 4,0
Defender Ticket 5,0
Defender Ticket 6,0
Defender Ticket 7,0
Defender Ticket 8,0
Defender Ticket 9,0
Royal Order Certificate I,0
Royal Order Certificate II,0
Royal Order Certificate III,0
Amber Essence,0
Amber Essence+,0
Prime Amber Essence,0
Royal Amber Essence,0
Pure Amber Essence,0
Chameleos Risegem,0
Daora Risegem,0
Teostra Risegem,0
Valstrax Risegem,0
Shagaru Risegem,0
Kulu Coin,0
Barroth Coin,0
Nargacuga Coin,0
Barioth Coin,0
Rajang Coin,0
Bazelgeuse Coin,0
Hermitaur Coin,0
Bishaten Coin,0
Garangolm Coin,0
Lunagaron Coin,0
Espinas Coin,0
Furious Rajang Coin,0
Pinnacle Coin,0
Hunter King Coin,0
Ace Hunter Coin,0
Rager Coin,0
Hero King Coin,0
Investigation Coin,0
Goldenfry,0
Bhernastone,0
Dundormarin,0
Loc Lac Ore,0
Val Habar Quartz,0
Minegardenite,0
Steel Egg,0
Silver Egg,0
Golden Egg,0
Platinum Egg,0
Haiku: In Song,0
F Ninja Belt,0
Tea Shop Cloth,0
Old Wrestler Print,0
Spa Scene: Sash,0
Spa Scene: Hairpin,0
Spa Scene: Clip,0
Spa Scene: Kimono,0
Ball of Soft Wool,0
Sea Chart (Copy),0
Prima Bherna Eggplant,0
4-Part Souvenir,0
Old Message,0
#Rejected# I_0059_Name,0
Wisdom Crystal,0
Wild Dark Leather,0
Shady Crystal,0
Disguise Device,0
Celestial Scroll,0
Satsui no Hado,0
Dog Bolts,0
Broken Knight Armor,0
Diving Ticket,0
Winter Star Ticket,0
Ore of Origin,0
Appreciation Ticket,0
Spring Blossom Ticket,0
Buddy Ring,0
Hunter Ring,0
Azure Era Seal,0
Azure Era Gem,0
Crimson Crystal Ticket,0
Ocean Ticket,0
Steam Ticket,0
Glasses Ticket,0
Thief's Calling Card,0
Black Winged Ears Ticket,0
Canyne Mask Ticket,0
Ancient Fragment,0
Bandana Ticket,0
Fluffy Ticket,0
Small Flower Pot,0
Bunny Ears Ticket,0
Buff Badge,0
Sackcloth,0
Heavenly Silk,0
Blood Ticket,0
Buff Badge+,0
Light Foreign Drawings,0
Torn Foreign Drawings,0
Numerical Foreign Drawings,0
Coastal Foreign Drawings,0
Treasured Foreign Drawings,0
Noble Foreign Drawings,0
Charming Foreign Drawings,0
Crystalized Foreign Drawings,0
Humble Scrap,0
Humble Scrap+,0
Heavy Humble Scrap,0
Ore Scrap,0
Ore Scrap+,0
Heavy Ore Scrap,0
Insect Scrap,0
Insect Scrap+,0
Heavy Insect Scrap,0
Fur Scrap,0
Fur Scrap+,0
Heavy Fur Scrap,0
Bone Scrap,0
Bone Scrap+,0
Heavy Bone Scrap,0
Slagtoth Scrap,0
Slagtoth Scrap+,0
Rhenoplos Scrap,0
Rhenoplos Scrap+,0
Heavy Rhenoplos Scrap,0
Bnahabra Scrap,0
Bnahabra Scrap+,0
Heavy Bnahabra Scrap,0
Jaggi Scrap,0
Jaggi Scrap+,0
Heavy G. Jaggi Scrap,0
Izuchi Scrap,0
Izuchi Scrap+,0
Heavy Izuchi Scrap,0
Baggi Scrap,0
Baggi Scrap+,0
Heavy G. Baggi Scrap,0
Kulu-Ya-Ku Scrap,0
Kulu-Ya-Ku Scrap+,0
Heavy Kulu Scrap,0
Wroggi Scrap,0
Wroggi Scrap+,0
Heavy G. Wroggi Scrap,0
Arzuros Scrap,0
Arzuros Scrap+,0
Heavy Arzuros Scrap,0
Lagombi Scrap,0
Lagombi Scrap+,0
Heavy Lagombi Scrap,0
Volvidon Scrap,0
Volvidon Scrap+,0
Heavy Volvidon Scrap,0
Aknosom Scrap,0
Aknosom Scrap+,0
Heavy Aknosom Scrap,0
Royal Ludroth Scrap,0
Royal Ludroth Scrap+,0
Heavy R. Ludroth Scrap,0
Barroth Scrap,0
Barroth Scrap+,0
Heavy Barroth Scrap,0
Heavy Hermitaur Scrap,0
Khezu Scrap,0
Khezu Scrap+,0
Heavy Khezu Scrap,0
Tetranadon Scrap,0
Tetranadon Scrap+,0
Heavy Tetra Scrap,0
Bishaten Scrap,0
Bishaten Scrap+,0
Heavy Bishaten Scrap,0
Pukei Scrap,0
Pukei Scrap+,0
Heavy Pukei-Pukei Scrap,0
Jyura Scrap+,0
Heavy Jyura Scrap,0
Basarios Scrap,0
Basarios Scrap+,0
Heavy Basarios Scrap,0
Somnacanth Scrap,0
Somnacanth Scrap+,0
Heavy Somna Scrap,0
Rathian Scrap,0
Rathian Scrap+,0
Heavy Rathian Scrap,0
Barioth Scrap,0
Barioth Scrap+,0
Heavy Barioth Scrap,0
Kadachi Scrap,0
Kadachi Scrap+,0
Heavy Kadachi Scrap,0
Magnamalo Scrap,0
Magnamalo Scrap+,0
Heavy Magna Scrap,0
Heavy Resentment Scrap,0
Anjanath Scrap,0
Anjanath Scrap+,0
Heavy Anjanath Scrap,0
Nargacuga Scrap,0
Nargacuga Scrap+,0
Heavy Nargacuga Scrap,0
Mizutsune Scrap,0
Mizutsune Scrap+,0
Heavy Mizutsune Scrap,0
Goss Harag Scrap,0
Goss Harag Scrap+,0
Heavy Goss Scrap,0
Garangolm Scrap,0
Heavy Shogun Scrap,0
Rathalos Scrap,0
Rathalos Scrap+,0
Heavy Rathalos Scrap,0
Almudron Scrap,0
Almudron Scrap+,0
Heavy Almudron Scrap,0
Zinogre Scrap,0
Zinogre Scrap+,0
Heavy Zinogre Scrap,0
Heavy Lunagaron Scrap,0
Heavy Astalos Scrap,0
Heavy Espinas Scrap,0
Heavy G. Magala Scrap,0
Heavy Chaotic Scrap,0
Heavy Seregios Scrap,0
Tigrex Scrap,0
Tigrex Scrap+,0
Heavy Tigrex Scrap,0
Diablos Scrap,0
Diablos Scrap+,0
Heavy Diablos Scrap,0
Rakna-Kadaki Scrap+,0
Heavy Rakna Scrap,0
Kushala Daora Scrap+,0
Heavy K. Daora Scrap,0
Chameleos Scrap+,0
Heavy Chameleos Scrap,0
Teostra Scrap+,0
Heavy Teostra Scrap,0
Malzeno Scrap,0
Heavy Primordial Scrap,0
Heavy S. Magala Scrap,0
Heavy Velkhana Scrap,0
Rajang Scrap+,0
Heavy Rajang Scrap,0
Bazel Scrap+,0
Heavy Bazel Scrap,0
Heavy Seething Scrap,0
Ibushi Scrap+,0
Heavy Ibushi Scrap,0
Narwa Scrap+,0
Heavy Narwa Scrap,0
Valstrax Scrap+,0
Heavy Valstrax Scrap,0
Heavy Archdemon Scrap,0
Heavy Amatsu Scrap,0
Izuchi Scroll,0
Baggi Scroll,0
Kulu Scroll,0
Wroggi Scroll,0
Arzuros Scroll,0
Lagombi Scroll,0
Volvidon Scroll,0
Aknosom Scroll,0
Ludroth Scroll,0
Barroth Scroll,0
Daimyo Hermitaur Scroll,0
Khezu Scroll,0
Tetranadon Scroll,0
Bishaten Scroll,0
Blood Orange Bishaten Scroll,0
Pukei Scroll,0
Jyura Scroll,0
Basarios Scroll,0
Somna Scroll,0
Aurora Somnacanth Scroll,0
Rathian Scroll,0
Gold Rathian Scroll,0
Barioth Scroll,0
Kadachi Scroll,0
Magnamalo Scroll,0
Scorned Magnamalo Scroll,0
Anjanath Scroll,0
Nargacuga Scroll,0
Lucent Nargacuga Scroll,0
Mizutsune Scroll,0
Violet Mizutsune Scroll,0
Goss Scroll,0
Garangolm Scroll,0
Shogun Ceanataur Scroll,0
Rathalos Scroll,0
Silver Rathalos Scroll,0
Almudron Scroll,0
Magma Almudron Scroll,0
Zinogre Scroll,0
Lunagaron Scroll,0
Astalos Scroll,0
Espinas Scroll,0
Flaming Espinas Scroll,0
Gore Magala Scroll,0
Chaotic Gore Magala Scroll,0
Seregios Scroll,0
Tigrex Scroll,0
Diablos Scroll,0
Rakna-Kadaki Scroll,0
Pyre Rakna-Kadaki Scroll,0
Daora Scroll,0
Risen Kushala Daora Scroll,0
Chameleos Scroll,0
Risen Chameleos Scroll,0
Teostra Scroll,0
Risen Teostra Scroll,0
Malzeno Scroll,0
Malzeno Scroll+,0
Shagaru Magala Scroll,0
Risen Shagaru Magala Scroll,0
Velkhana Scroll,0
Rajang Scroll,0
Furious Rajang Scroll,0
Bazel Scroll,0
Seething Bazelgeuse Scroll,0
Ibushi Scroll,0
Narwa Scroll,0
Valstrax Scroll,0
Risen Valstrax Scroll,0
The Archdemon,0
Amatsu Scroll,0
Apex Arzuros Scroll,0
Apex Rathian Scroll,0
Apex Mizutsune Scroll,0
Apex Rathalos Scroll,0
Apex Diablos Scroll,0
Apex Zinogre Scroll,0
The Leader,0
Fast Friends,0
Slayer of Malice,0
Moonlit Night,0
The Showdown,0
Flag Ornament,0
Sun Princess,0
Valiant Knight,0
Dappled Daytime,0
Deadly Tracker,0
The Oppression,0
The Abyss,0
Lucky Felyne,0
Wheeled Canyne Toy,0
Bombadgy Pot,0
Kamura Twins,0
Golden Hojo Cast,0
Cohoot Lottery,0
Mini Toadversary,0
Mini Submarine,0
Felyne Daruma,0
Moofy Doll,0
Pure Machalite,0
Crystal Cluster,0
Kingdom Longship,0
Cohootrioshka,0
Toy Spelunker,0
Regalfin Pouch,0
Gowngoat Bobbler,0
Massive Copal,0
Gargolda Statue,0
Goocoo Plush (Raincoat),0
Poogie Plush (Emperor's Duds),0
Goocoo Plush (Velocidrome),0
Poogie Plush (Cool),0
Goocoo Plush (Scarlet),0
Poogie Plush (Memorial Stripes),0
Goocoo Plush (Princess),0
Poogie Plush (Maiden),0
Arzuros Carving,0
Magnamalo Carving,0
Tetranadon Carving,0
Goss Harag Carving,0
Bishaten Carving,0
Somnacanth Carving,0
Izuchi Carving,0
Almudron Carving,0
Aknosom Carving,0
Rakna-Kadaki Carving,0
Ibushi Carving,0
Narwa Carving,0
Amatsu Carving,0
Daimyo Hermitaur Statue,0
Astalos Statue,0
Garangolm Statue,0
Lunagaron Statue,0
Shogun Ceanataur Statue,0
Espinas Statue,0
Malzeno Statue,0
Malzeno Statue+,0
Archfiend Statue,0
Velkhana Statue,0
Sonic Figurine,0
Knuckles Figurine,0
Tails Figurine,0
Unique Mushroom,0
Choice Mushroom,0
Pricey Shroom,0
Exquisite Mushroom,0
Firelantern,0
Wisplantern,0
Phantolantern,0
Confragralantern,0
Super Shoot,0
Choice Shoot,0
Pricey Shoot,0
Exquisite Sprout,0
Cool Frostcone,0
Gelid Frostcone,0
Bitter Frostcone,0
Arctic Frostcone,0
Raftshell,0
Boatshell,0
Shipshell,0
Great Shipshell,0
Foreign Coin,0
Royal Mint Coin,0
Mysterious Coin,0
Ancient Coin,0
Simple Prism,0
Misty Prism,0
Cascade Prism,0
Icevoid Prism,0
Hearty Pitcher,0
Gourmet Pitcher,0
Tripoint Pitcher,0
Penta Pitcher,0
Royal Rhino,0
King Rhino,0
Divine Rhino,0
Transcendent Rhino,0
Bauble Cactus,0
Jewel Cactus,0
Kingly Cactus,0
Emperor Cactus,0
Tropical Berry,0
Desert Berry,0
Lava Berry,0
Blaze Berry,0
Sand Rose,0
Rock Rose,0
Gaia Rose,0
Cosmo Rose,0
Coal,0
Volatile Coal,0
Inflammable Coal,0
Aeonian Coal,0
Chalcedony Bone,0
Chalcedony Greatbone,0
Chalcedony Skull,0
Chalcedony Bonemass,0
Bismuth Fragment,0
Bismuth Prism,0
Bismuth Augite,0
Iridescent Bismuth Prism,0
Jungle Mushroom,0
Prized Mushroom,0
Wildwood Fern,0
Prime Fern,0
Pearl Snail,0
Golden Snail,0
Glacial Geode,0
Iridescent Geode,0
Amber Copal,0
Godbug Copal,0
Worn Tableware,0
Antique Tableware,0
Crimsonfish,0
Goldenfish,0
Platinumfish,0
Brocadefish,0
King Brocadefish,0
Supreme Brocadefish,0
White Liver,0
Popo Tongue,0
Slagtoth Oil,0
Monster Guts,0
Ripened Mushroom,0
Fine Stomach,0
Secret Stash,0
Round Acorn,0
Gargwa Guano,0
Gargwa Egg,0
Gold Gargwa Egg,0
Carapaceon Brains+,0
Gowngoat Fleeceball,0
Wyvern Tear,0
Large Wyvern Tear,0
Beast Tear,0
Large Beast Tear,0
Drone Substance,0
Queen Substance,0
Dragon Treasure,0
Old Dragon Treasure,0
Shiny Nacre,0
Glittering Nacre,0
Shimmering Nacre,0
Crab Pearl+,0
Fabled Spice,0
Legendary Herb,0
Sun Goddess Picture,0
Wyvern Egg,0
Quality Wyvern Egg,0
Supreme Wyvern Egg,0
Frost Fossil,0
Big Frost Fossil,0
Giant Frost Fossil,0
Herbivore Egg,0
Rhenoplos Egg+,0
Premium Herbivore Egg,0
Laffresia,0
Alaffresia,0
Giant Laffresia,0
Bismuth Chunk,0
Big Bismuth Chunk,0
Bigger Bismuth Chunk,0
Premium Wyvern Egg,0
Moon Drop,0
Ring,0
Great Wirebug,0
Ballista Shot,0
Crag Shot,0
Retreat Shot,0
Cannon Ammo,0
C. Thunder Ammo,0
Flaming Shot,0
Flaming Beam,0
Q. Rapid Shot,0
Q. Cluster Shot,0
Silkbind Shot,0
C. Piercing Ammo,0
2x Ballista Shot,0
3x Ballista Shot,0
2x Cannon Ammo,0
2x Cannon Ammo+,0
Silkbinder Shot,0
[Trinket],0
